{"cameraMode":{"drawMode":0,"name":"Shaded","section":"Shading Mode"},"sceneLighting":false,"audioPlay":false,"sceneViewState":{"showFog":true,"showMaterialUpdate":false,"showSkybox":false,"showFlares":true,"showImageEffects":true,"showParticleSystems":true},"in2DMode":false,"pivot":{"x":4.139999866485596,"y":1.4660522937774659,"z":9.483771324157715},"rotation":{"x":-0.006155607756227255,"y":0.9932085871696472,"z":-0.09804645925760269,"w":-0.06235960125923157},"size":4.380329132080078,"orthographic":true}