{"cameraMode":{"drawMode":0,"name":"Shaded","section":"Shading Mode"},"sceneLighting":false,"audioPlay":false,"sceneViewState":{"showFog":true,"showMaterialUpdate":false,"showSkybox":false,"showFlares":true,"showImageEffects":true,"showParticleSystems":true},"in2DMode":false,"pivot":{"x":5.960464477539063e-8,"y":0.8587385416030884,"z":9.522941589355469},"rotation":{"x":0.007846695370972157,"y":0.7252746820449829,"z":-0.008266272023320198,"w":0.6883676052093506},"size":2.02697491645813,"orthographic":true}