{"cameraMode":{"drawMode":0,"name":"Shaded","section":"Shading Mode"},"sceneLighting":false,"audioPlay":false,"sceneViewState":{"showFog":true,"showMaterialUpdate":false,"showSkybox":false,"showFlares":true,"showImageEffects":true,"showParticleSystems":true},"in2DMode":false,"pivot":{"x":1.0268547534942628,"y":0.6948637366294861,"z":7.785711765289307},"rotation":{"x":0.07038857787847519,"y":0.3707801401615143,"z":-0.028193967416882516,"w":0.9256234169006348},"size":2.071545362472534,"orthographic":true}